{"cameraMode":{"drawMode":0,"name":"Shaded","section":"Shading Mode"},"sceneLighting":true,"audioPlay":false,"sceneViewState":{"m_AlwaysRefresh":false,"showFog":true,"showSkybox":true,"showFlares":true,"showImageEffects":true,"showParticleSystems":true,"showVisualEffectGraphs":true,"m_FxEnabled":true},"in2DMode":false,"pivot":{"x":1.9912056922912598,"y":2.1103219985961916,"z":2.3914427757263185},"rotation":{"x":0.08609362691640854,"y":-0.8701658844947815,"z":0.1640138030052185,"w":0.45666033029556277},"size":0.21710163354873658,"orthographic":false}