{"cameraMode":{"drawMode":0,"name":"Shaded","section":"Shading Mode"},"sceneLighting":false,"audioPlay":false,"sceneViewState":{"m_AlwaysRefresh":false,"showFog":false,"showSkybox":false,"showFlares":false,"showImageEffects":false,"showParticleSystems":false,"showVisualEffectGraphs":true,"m_FxEnabled":true},"in2DMode":false,"pivot":{"x":0.0050484538078308109,"y":0.7444325685501099,"z":0.049603670835494998},"rotation":{"x":0.006381331477314234,"y":0.9895753860473633,"z":-0.13623416423797608,"w":0.046346474438905719},"size":0.9865567684173584,"orthographic":false}